sku,title,description,price,stock,image_link,brand,ean,delivery_time
BOL13-CSXYH-000055XYH,Tochtband Zelfklevend - Tochtstopper - en raamafdichting - deurraamafdichting geluidsisolatie vervanging - voor 2.5-4.5 mm opening - grijs -  5 Meter Lang,"<p>Praktisch: De borstelafdichting voor rolluiken biedt het hele jaar door bescherming tegen vocht, wind en stof, vermindert trillingen en lawaai, repareert luchtlekken, verhoogt de energie-efficiëntie van de woning en verbetert de kwaliteit van de leefomgeving.</p>
<p>Lengte: 5 m, breedte: 9 mm, hoogte: 5 mm, geschikt voor het afdichten van kieren van 2,5 tot 4,5 mm.</p>
<p>Eenvoudig te installeren: Maak het oppervlak van de montageplaats schoon en houd het schoon en droog. Knip de sticker eenvoudig op maat, verwijder het rugpapier van de borstelstrip en druk de sticker op het oppervlak.</p>
<p>Veelzijdige toepassingen: Borstelafdichting bij doe-het-zelfklussen, veelgebruikt voor schuifdeuren en ramen, kamerhoge deuren, horren, kledingkasten, kasten, enz.</p>
<p>Eenvoudig te installeren: de afdichtstrip is zelfklevend, heeft een sterke kleefkracht, goede afdichtingsprestaties, is handig en praktisch</p>
<p>Isolatie van deuren en ramen: voorkomt dat koude lucht in de winter de kamer binnenkomt; Voorkom dat er in de zomer warme lucht de kamer binnenkomt; Blokkeer stof en insecten; Verminder het geluid in de kamer en verbeter het comfort van de kamers waar
    het wordt toegepast aanzienlijk</p>
<p>De grijze kleur van de strip is neutraal en ingetogen en past goed bij de meeste deur- en raamkozijnen.</p>",10.99,100,https://m.media-amazon.com/images/I/81vZibAh5KL._AC_SL1500_.jpg,Merkloos,9448981041956 ,4-8 werkdagen
BOL13-CSXYH-000056XYH,Quilt opbergzak - Opberghoes - Kledingzak - Samendrukbare Draagbare Opbergzak - Kleding Quilt Verhuis Opbergzak - with Handles - Breathable Storage Bag,"<p>Duurzame en slijtvaste opbergtas: de opbergtas voor quilts is gemaakt van imitatiehennep, slijtvast, waterdicht, milieuvriendelijk en geurloos, wasbaar, vervormt niet snel, is duurzamer dan opbergtassen van gewoon materiaal en is ideaal voor het opbergen
    van kleding. Om de levensduur te verlengen, raden wij aan om ze met de hand te wassen of te borstelen in plaats van ze in de wasmachine te wassen.</p>
<p>Extra grote opbergtas: Set van 2 ladekasten onder het bed 70*50*30cm, opbergcapaciteit van bijna 105L, zeer geschikt voor grote spullen. Er is voldoende ruimte voor uw seizoensgebonden dekbedden, kleding, dekbedden, lakens, kussens, dekens, kleding, truien,
    enz. Ruim uw kast op.</p>
<p>Versterkte handgreep en deksel met dubbele ritssluiting: het praktische en stevige deksel met dubbele ritssluiting voorkomt dat er stof en water in uw opbergtas komen. Met kruissteken gestikte duw- en trekhendel, gemakkelijk te duwen en te trekken; Dubbele
    rits, soepeler, geen vastlopen, goede afdichting, voorkomt stof. die geurloos is en door de donkere kleur goed bestand is tegen vlekken.</p>
<p>Opvouwbaar en ruimtebesparend: dankzij het opvouwbare ontwerp van de grote opbergtas kunt u deze plat opvouwen wanneer u hem niet gebruikt. kan worden opgevouwen en overal worden neergezet. Zo bespaart u ruimte en kunt u de ruimte optimaal benutten.</p>
<p>Gemakkelijk op te bergen: opbergtas voor kleding. Ideaal voor verhuizen, inpakken voor school, kamperen, seizoensartikelen, winkelen, festivalversieringen, enz. Opbergtassen met rits kunnen gemakkelijk worden opgeborgen onder uw bed, in uw kast of zelfs
    in een kast.</p>",27.99,100,https://publish-cos.mabangerp.com/product/publish/219988/20250421/1_Iv1fwE.jpg,Merkloos,9448981041963 ,4-8 werkdagen
BOL13-CSXYH-000057XYH,Planksteunbeugels - L-vormig - zelfklevend - transparant - kastbodemdragers - basisondersteuningen - 10 zelfklevende haken - 7 x 7 cm,"<p>Betrouwbaar materiaal: deze plankdragerpennen zijn gemaakt van PVC. Het kleefmateriaal is sterk, duurzaam en kan langdurig gebruikt worden, waardoor er minder afval ontstaat bij het gebruik van plankdragers.</p>
<p>Niet-ponsend en zelfklevend: voor de plankdragers hoeft u niet te boren, geen gereedschap te gebruiken en uw muur niet te beschadigen. U hoeft alleen maar het beschermpapier aan de achterkant van de plankdragerpinnen af ​​te scheuren, de plankdrager op
    een schoon en droog oppervlak te plakken en aan te drukken om overtollige lucht na het plakken eruit te drukken. Vervolgens kunt u de plankdrager gebruiken.</p>
<p>Brede toepassing: Deze zelfklevende kastdrager is perfect voor boekenkasten, planken, kasten, enz. Hij kan ook in verschillende scenario's worden gebruikt, zoals in kledingkasten in slaapkamers, kledingkasten in woonkamers en keukens, op winkelplanken,
    in schoenenrekken in woonkamers, op planken in stacaravans, enz.</p>
<p>Inhoud van de verpakking: De verpakking bevat 10 plankdragers met gaten, voldoende voor uw dagelijkse behoeften. De plankdragerpennen zijn 7x7 cm/2,75x2,75 inch groot. De zelfklevende plankdrager is klein van formaat en heeft een groot draagvermogen.
    De klevende plankdrager is een uitstekende keuze voor gezinnen.</p>",10.99,100,https://publish-cos.mabangerp.com/product/publish/219988/20241029/cdscdcdc_Q39qUD.jpg,Merkloos,9448981041970 ,4-8 werkdagen
BOL13-CSXYH-000058XYH,Haarband met Knoop - Brede Top Cross Knot Tulband Hoofdbanden - Gewoon Geknoopte Elastieken Boho Hoofdband Haar Accessoires Voor Dames en Meisjes - 6 Pak,"<p>Kenmerken: 6 verpakkingen met stoffen haarbanden, comfortabel en veelzijdig, geen gedoe met plastic.</p>
<p>Comfortabel: Brede hoofdbanden in één maat, elastisch, zeer zacht en rekbaar.</p>
<p>Gemakkelijk te dragen: De hoofdband is zo veelzijdig en perfect voor dagelijks gebruik, zodat u uw haartjes uit uw gezicht kunt houden. De geknoopte haarbanden zijn erg handig als dagelijks haaraccessoire. Ze glijden niet van je hoofd en zijn perfect
    voor bad hair days, sporten, het strand, backpacken en meer.</p>
<p>Breed scala aan toepassingen: De hoofdbanden zijn geschikt voor binnen en buiten, formele en informele gelegenheden, zoals feesten, bruiloften, partijen en concerten, waardoor u opvalt in de menigte.</p>
<p>Accessoires voor dames: Het pakket bevat 6 hoofdbanden, een voldoende hoeveelheid en verschillende ontwerpen die voldoen aan de dagelijkse behoeften en bijbehorende vereisten.</p>
<p>Ideaal cadeau voor haar: Prachtige haarband die je kunt dragen zoals je wilt of kunt delen met je vriendinnen, zussen, moeder, enz. Geef het als het perfecte cadeau voor een verjaardag, Valentijnsdag, Moederdag of een andere feestdag.</p>",14.99,100,https://publish-cos.mabangerp.com/upload/publish/develop/219988/20241011/2024101110471812014172861484072234800581.png,Merkloos,9448981041987 ,4-8 werkdagen
BOL13-CSXYH-000059XYH,Schoenveters - zijden schoenveters van satijn lint - Sneaker Veters - platte satijnen lint schoenveters kleurrijke zijden schoenen-12 paar - 1.2M,"<p>Verpakking met 12 paar brede, veelkleurige veters, lengte 120 cm</p>
<p>Kleurrijke veters: 12 kleuren, u kunt uw schoenen vrij personaliseren</p>
<p>Hoogwaardig materiaal: de satijnen veters zijn gemaakt van hoogwaardig polyester, zijn superglad en modieus, vervormen niet snel en kunnen uw sneakers, laarzen, sportschoenen, enz. verfraaien. Ze geven uw schoenen een vleugje mode en zijn ideaal om te
    combineren met elke outfit of setting.</p>
<p>Breed gebruik: De brede lintveters zijn geschikt voor de meeste soorten schoenen, zoals sneakers, sportschoenen, hardloopschoenen, wandelschoenen, laarzen, hoge hakken, enz. Geschikt voor dames, meisjes en kinderen.</p>
<p>Creatief voor doe-het-zelfprojecten: platte zijden veters zijn niet alleen perfect voor schoenen, maar ook de ideale optie voor een verscheidenheid aan creatieve projecten, van doe-het-zelf tot woningdecoratie, en een geweldige accessoire voor feesten,
    bruiloften, diners en outfits voor belangrijke evenementen.</p>
<p>Wasbaar: Platte satijnen veters zijn wasbaar en vervagen niet snel.</p>",13.99,100,https://m.media-amazon.com/images/I/814PGI4OjwS._AC_SX679_.jpg,Merkloos,9448981041994 ,4-8 werkdagen
BOL13-CSXYH-000060XYH,Piercing Kussen - Slaapkussen - Donut Kussen Met Gat Voor Oor - Hoofdkussen Zijslaper - 30x30 cm - Ringkussen -  voor zijslapers met oorpijn piercingkussen - Hoofd Kussen,"<p>Beste kussen voor zijslapers: Ons oorkussen met gaatjes is het beste kussen voor zijslapers. Het is 30 x 30 x 9 cm groot en geperforeerd. Het zachte materiaal en de vulling zorgen ervoor dat u er gemakkelijk op kunt liggen en slapen. Het donutkussen is
    ook geschikt voor zijslapers.</p>
<p>Aanpasbaar aan uw behoeften: het piercingkussen met slaapgat heeft verwisselbare vulling. Verwijder eenvoudig de vulling of voeg meer vulling toe om de perfecte donut-oorkussens te creëren waar u dol op bent. Het piercingkussen met gat is ook geschikt
    voor mensen die graag met een koptelefoon of oordopjes slapen.</p>
<p>Gemakkelijk schoon te maken: Het piercingkussen met gaatje vervaagt niet, het patroon is transparant, de anti-fouling kan in de wasmachine gewassen worden, was op een lage temperatuur, gebruik een neutraal wasmiddel, het oorpiercingkussen is niet geschikt
    voor bleekmiddel, laat het aan de lucht drogen en vermijd direct strijken.</p>
<p>Veelzijdig gebruik: Dit piercingkussen met gat is niet alleen geschikt om mee te slapen in de slaapkamer, maar kan ook worden gebruikt tijdens lange vluchten, tijdens de lunchpauze op kantoor of andere gelegenheden waarbij u comfortabele ondersteuning
    nodig hebt. Het ronde oorkussen is lichtgewicht en draagbaar, en daardoor zeer eenvoudig mee te nemen.</p>
<p>Comfortkussen: dit oorkussen is klein genoeg om in te pakken en overal mee naartoe te nemen. U kunt er spullen in stoppen zoals u wilt, zodat u een goede nachtrust kunt krijgen, zelfs als u op zakenreis bent of op reis bent.</p>",34.99,100,https://m.media-amazon.com/images/I/71Wi7uW+EyL._AC_SL1500_.jpg,Merkloos,9448981042007 ,4-8 werkdagen
BOL13-CSXYH-000061XYH,Planten Labels - Plantenbordjes - plastic plantenkwekerij tuinlabels - etiketten - Plantenstekers - Voor Tuin Potplanten Kruiden bloemen Groenten - wit - 21 x 2 cm,"<p>Hoogwaardig materiaal: deze etiketten voor tuinplanten zijn gemaakt van duurzaam PVC-kunststof, waterdicht, roestvrij en scheurt of breekt niet snel. Duurzaam in gebruik.</p>
<p>Herbruikbaar: Deze hangende plastic plantenlabels zijn bestand tegen water, gemakkelijk schoon te maken, eenvoudig op te hangen aan de boom of andere planten en kunnen worden hergebruikt. Het oppervlak kan worden beschreven met markers op oliebasis en
    vervaagt niet snel.</p>
<p>Gemakkelijk te gebruiken: Deze plastic hanglabels voor tuinartikelen zijn aan beide kanten beschrijfbaar. U kunt er met een vetpen of potlood de naam van de plant, de plantdatum of andere informatie op schrijven. Ze zijn herbruikbaar en milieuvriendelijk.</p>
<p>Veelzijdig gebruik: Deze etiketten zijn bestand tegen weersomstandigheden (regen, hitte) en zijn zeer geschikt voor het labelen van meerdere rijen planten in uw botanische tuin. Dit helpt bij het identificeren van de planten. Veelgebruikt in kwekerijen,
    tuinen en kassen.</p>
<p>Verpakking: U ontvangt 200 vellen witte wikkeletiketten met een formaat van ongeveer 21 x 2 cm. Dit is lang genoeg om de meest voorkomende plantennamen of notities op te schrijven, zodat u planten kunt identificeren en classificeren.</p>
<p>Veelzijdig gebruik: onze plantenlabels zijn perfect voor het markeren van diverse soorten planten, zoals fruitbomen, bloemen, wijnstokken, enz. Ze zijn ontworpen voor gebruik binnen en buiten en zijn ideaal voor kwekerijen, moestuinen, boerderijen en
    nog veel meer.</p>",13.99,100,https://m.media-amazon.com/images/I/51DlMdwSl1L._AC_SL1500_.jpg,Merkloos,9448981042014 ,4-8 werkdagen
BOL13-CSXYH-000062XYH,Big Toe Sock - Gladde Teennaad - Teensokken - Toesocks - Unisex - Maat One size - Tabi sokken - Sandaal sokken - Slipper sokken - Teenslipper sokken - 3 paar,"<p>Geschikt voor slippers: Deze sokken hebben een effen kleur zonder patroon op het oppervlak en zijn geschikt voor zowel mannen als vrouwen voor alle gelegenheden. Het ontwerp van de sokken met scheiding van de grote teen past perfect bij het ontwerp van
    de slippers</p>
<p>Aantal: 3 paar V-teen slippersokken; kleuren: zwart, wit en grijs, 3 kleuren</p>
<p>Eén maat: ongeveer 33 cm lang, elastisch, past op de meeste mannen- en vrouwenvoeten</p>
<p>Sokken met gespleten tenen: scheid uw grote teen van de andere vier tenen om zweet te absorberen en voetgeur te voorkomen. Voel u comfortabel en comfortabel in slippers: elastisch voor optimaal comfort. Bovendien kunnen onze sokken in de wasmachine of
    met de hand gewassen worden.</p>
<p>Één maat, past de meeste: De sokken zijn ongeveer 28,5 cm lang, hebben een sterke elasticiteit en passen bij de meeste voettypen, of ze nu breed of smal, lang of kort zijn. Ze zorgen voor een goede pasvorm en comfort. Dankzij het one-size-fits-all-ontwerp
    hoeft u minder te kiezen, waardoor meer mensen kunnen genieten van het gemak en comfort van sokken.</p>
<p>Perfect cadeau: Deze teensokken zijn leuke cadeaus voor je vriend, zoon, vriendin, man en andere vrienden voor een verjaardag, Kerstmis of andere feestdagen. Ze zorgen ervoor dat je familie en vrienden ze prettig kunnen dragen.</p>",11.99,100,https://cos-java-picture.mabangerp.com/88/1/3403525_1668561922309.jpg,Merkloos,9448981042021 ,4-8 werkdagen
BOL13-CSXYH-000063XYH,"Tissue Doos - Tissue Opbergdoos - Tissue Houder - Servetpapier Houder Container - Linnen - geel - 22x10x10cm -  Voor thuis, kantoor, auto","<p>Grote opening: De grote opening is handig voor extractie en vulling, afmetingen: 20*10*10 cm, grote capaciteit, kan meerdere weefsels tegelijkertijd bewaren.</p>
<p>Hoge kwaliteit: Deze tissuebox is gemaakt van hoogwaardig jute, is vrij van vervuiling, zacht en zal uw kantoor of auto-interieuronderdelen niet krassen of beschadigen.</p>
<p>Gemakkelijk op te bergen: Naast het opbergen van tissues kunt u er ook kleine briefjes, notities, brieven, servetten, etc. in bewaren. Bovendien kan de tas worden opgevouwen zonder dat hij ruimte inneemt.</p>
<p>Toepasselijke scène: Kan worden geplaatst in cafés, kantoren, slaapkamers, woonkamers, auto's, cool ontwerp om een ​​comfortabele kantoor- en leefomgeving voor u te creëren.</p>",11.99,100,https://m.media-amazon.com/images/I/51CaEnm2NWL._AC_SL1000_.jpg,Merkloos,9448981042038 ,4-8 werkdagen
BOL13-CSXYH-000064XYH,Verstelbare Meubelpoten - Bankpoten Rond - Meubel Poten voor Kast & Bank - Meubel Kast Tafel Bed Boxspring Potenset - Roestvrij staal - 60mm - 4 Stuks,"<p>Geselecteerde verstelbare meubelpoot: pas zelf eenvoudig de hoogte van uw tafel aan en maak het werkoppervlak voor iedereen toegankelijk.</p>
<p>De kunststof ondervloer is eenvoudig te installeren en beschermt uw vloer tegen krassen.</p>
<p>Dankzij de meubelpoten kunt u bovendien oneffenheden in de vloer eenvoudig compenseren, dankzij de maximale hoogteverstelling van 15 mm.</p>
<p>Pakketinhoud: 4 x tafelpoten, geselecteerd op hoge kwaliteit, gemaakt van roestvrij staal, met de hand geborsteld en gepolijst, mooier en eleganter.</p>
<p>Ideaal voor tafels, dressoirs, bureaus, banken, bedden, kledingkasten etc. (ideale oplossing voor bijvoorbeeld gebruikers van een handmatige of elektrische rolstoel).</p>
<p>Materiaal: duurzaam roestvrij staal + kunststof; Eenvoudig te installeren, uniek ontwerp met verstelbare hoogte.</p>",15.99,100,https://publish-cos.mabangerp.com/product/publish/219988/20250421/1_3HYRkq.jpg,Merkloos,9448981042045 ,4-8 werkdagen
,,,,,,,,
,,,,,,,,
,,,,,,,,
,,,,,,,,
,,,,,,,,
,,,,,,,,
